id,first_name,last_name,email,postal_zip,country,password,phone_number,address,role_id
1,Diena,Phelips,dphelips0@huffingtonpost.com,89-501,Poland,zL1`oSc~hec=&N0,842-773-1429,Apt 1676,3
2,Boycie,Card,bcard1@china.com.cn,6711,Philippines,kX2<n1Ok/4#,462-214-0905,Apt 1021,3
3,Prudi,Kinnane,pkinnane2@infoseek.co.jp,11207,Dominican Republic,tL6&zDJLHD!P9,196-524-8249,10th Floor,3
4,Christyna,Salleir,csalleir3@yolasite.com,0420,New Zealand,hP4&d6JY,795-566-7692,Room 191,3
5,Jules,Huerta,jhuerta4@nhs.uk,69-220,Poland,pO9}+cq%,958-226-9413,20th Floor,3
6,Lark,Everall,leverall5@wikia.com,,Tokelau,cS0+K<ZM_n5,120-793-2429,Apt 65,3
7,Orville,Sentinella,osentinella6@wufoo.com,,Myanmar,yH6|hj$RNb7_!Z,809-205-2044,15th Floor,3
8,Pearce,Attryde,pattryde7@unc.edu,98-432,Poland,hP7*KMI8!N7+JN,643-855-2590,Apt 1350,3
9,Osgood,Terbrugge,oterbrugge8@imageshack.us,,Indonesia,bZ7?84/W}@5e,338-240-1831,PO Box 30073,3
10,Corinna,Markl,cmarkl9@dedecms.com,,China,eF5$uyfFi,488-695-5303,Apt 392,3
11,Nicolas,McKew,nmckewa@goo.gl,,Peru,gH9>+yku,756-580-6522,Apt 1725,3
12,Jemie,Snowsill,jsnowsillb@washington.edu,4001,Philippines,xO1&2L1Q&<3.l,505-692-7602,PO Box 88824,3
13,Bertina,Wilbor,bwilborc@whitehouse.gov,142263,Russia,"iO6(V<eP""4u.`",822-378-5364,PO Box 50693,3
14,Laurianne,Croxley,lcroxleyd@upenn.edu,19139,Italy,nP1`IsoaI8p?J+,625-428-3227,Room 758,3
15,Stefa,Oiller,soillere@amazon.com,2840-146,Portugal,"iM4~j?g3A9Tk.,uH",607-170-4283,Apt 855,3
16,Wesley,Fincham,wfinchamf@theglobeandmail.com,,Indonesia,sS4/)s0J,864-182-7569,PO Box 95010,3
17,Lucilia,Leeman,lleemang@cpanel.net,0679,Norway,wD4//3#),783-301-6168,7th Floor,3
18,Bryan,Dreossi,bdreossih@vk.com,90189,United States,kN7)m7wemJ1Dox,213-386-1029,Suite 35,3
19,Jania,Sleigh,jsleighi@marketwatch.com,,China,yQ6|66R#2,386-220-8313,Room 254,3
20,Milly,Birchner,mbirchnerj@blogs.com,09450-000,Brazil,dJ9<qHnm#FcqA,207-310-4859,Apt 261,3
21,Mersey,Coulling,mcoullingk@lulu.com,,Somalia,kS8?5.Luc).TLZ'g,391-465-0572,Apt 1815,3
22,Reynold,Wallicker,rwallickerl@nba.com,,Qatar,gL3`YQ3aM,450-225-3632,Suite 88,3
23,Naoma,Longfellow,nlongfellowm@yandex.ru,366303,Russia,kN7.oVxMA,581-942-6365,Suite 72,3
24,Olvan,Lowson,olowsonn@upenn.edu,9610,Philippines,jC4$w!}.yC,899-690-4822,Suite 47,3
25,Nathanil,Onions,nonionso@nbcnews.com,,China,oM0=PCJ+ubcu&!hu,850-646-2435,11th Floor,3
26,Forrester,Linsey,flinseyp@rakuten.co.jp,,China,hK0_@|CmFJ,343-350-2397,2nd Floor,3
27,Bonnee,Foro,bforoq@de.vu,,China,wM5~%m|bA,394-607-1309,PO Box 54163,3
28,Koral,Skeel,kskeelr@edublogs.org,,Indonesia,"bG7/$L""nn'38jmQ!",324-889-6478,Apt 345,3
29,Mei,Worvill,mworvills@hatena.ne.jp,,China,uQ7}f!N}(N(wYce?,560-123-8067,Suite 89,3
30,Raff,Phette,rphettet@mapquest.com,,Tunisia,cE5@4}3w<*!Y,320-384-6673,Apt 1838,3
31,Theadora,Byart,tbyartu@berkeley.edu,,Morocco,tT0+s~uYxXCm@f$p,479-572-1538,Suite 53,3
32,Wynn,Bossel,wbosselv@microsoft.com,,Indonesia,oZ8_IY+6q,688-923-5703,PO Box 10555,3
33,Jewel,Targetter,jtargetterw@columbia.edu,,China,nY6{UHG3,576-587-5384,3rd Floor,3
34,Sebastian,Lynock,slynockx@qq.com,,Ukraine,wR2*0mPZF!d_9B|W,833-845-8147,16th Floor,3
35,Kelli,Wattinham,kwattinhamy@360.cn,445143,Russia,hK5/hpbLgn,892-694-9469,17th Floor,3
36,Helenelizabeth,Wasmer,hwasmerz@cmu.edu,,China,nG1|47fSt_cHMil),451-581-3935,Apt 448,3
37,Grannie,De Lacey,gdelacey10@bloglines.com,,Chile,"oT2,r9nAM",813-429-1506,4th Floor,3
38,Jared,Atlay,jatlay11@state.tx.us,27-423,Poland,nP0'{}eL,479-222-8738,Apt 1076,3
39,Carroll,Drewe,cdrewe12@canalblog.com,,Tunisia,aB0?Bz/1APHGh,588-669-2999,PO Box 58473,3
40,Fanchon,Simonnet,fsimonnet13@gmpg.org,H4R,Canada,lX4/Q.>OZR+Qj)O,122-262-9873,6th Floor,3
41,Lucius,Roland,lroland14@apple.com,,Indonesia,lC3!vknd$<<,204-685-3313,13th Floor,3
42,Tove,Grainge,tgrainge15@zdnet.com,73028,Lithuania,fI5#A@eZda'Avug,980-583-6312,Apt 1244,3
43,Mitchael,Dodson,mdodson16@apple.com,33680,United States,kT0`VAMUD33*?,813-983-9951,Suite 43,3
44,Hermann,McKall,hmckall17@is.gd,,Indonesia,bE9*m8v%B6Fo,490-384-8993,Suite 44,3
45,Ariel,Tejero,atejero18@opera.com,,China,vJ7+{/R{7(wM,583-130-1469,Suite 62,3
46,Averil,Buesden,abuesden19@huffingtonpost.com,,China,pM4|dg'u,463-516-4304,Apt 1872,3
47,Ashlee,McCrossan,amccrossan1a@hatena.ne.jp,,Zambia,bR1)0}nbD|~xo,510-282-2714,Suite 87,3
48,Ema,Mucillo,emucillo1b@quantcast.com,24-120,Poland,uQ2`lR|@BSH5'ke(,225-552-1732,Apt 1835,3
49,Kiah,Riceards,kriceards1c@rakuten.co.jp,,Iran,"mD7""k{Bd_Bn\Kj",567-840-0829,Suite 60,3
50,Nikolaus,Greenley,ngreenley1d@mozilla.org,E4W,Canada,eT5%tg(9_Yt,120-206-0373,Apt 1191,3
51,Emerson,Keasley,ekeasley1e@wufoo.com,,China,mJ7.TmNj,325-552-5240,19th Floor,3
52,Natalie,Jarmyn,njarmyn1f@google.com,,China,aV6#`UiC){!4,437-998-3149,Room 751,3
53,Carmelle,Klima,cklima1g@hostgator.com,,Morocco,"gT9=Hk~vo@n"">s|}",390-843-3233,Apt 453,3
54,Erena,Worthington,eworthington1h@soundcloud.com,624582,Russia,jD2?=CX$onEe,502-894-8748,19th Floor,3
55,Winona,Sedgman,wsedgman1i@quantcast.com,898-0031,Japan,xR6'xeOa&XdYFA,999-977-1124,Apt 1869,3
56,Dominick,Juanes,djuanes1j@chronoengine.com,,Venezuela,gQ1`vzb<Rv=Z&B,822-635-1481,14th Floor,3
57,Jeremie,Bruty,jbruty1k@spotify.com,,Armenia,oV4{`(uRKV,143-109-3303,Room 1264,3
58,Chaddie,Tumilty,ctumilty1l@columbia.edu,69350,Pakistan,"zF1,9(sI>9fa~",651-975-3839,Room 1820,3
59,Viviene,Pashley,vpashley1m@tripadvisor.com,18160,Thailand,"zF9""{4$""E",749-834-6575,Apt 423,3
60,Barby,Lygoe,blygoe1n@ted.com,171 78,Sweden,"nT5""8M3g",906-136-1391,PO Box 62080,3
61,Dulci,Rickaert,drickaert1o@blog.com,,China,qF8<4'(%\!j%Yf,220-773-5600,Suite 82,3
62,Andria,Sealove,asealove1p@paypal.com,33499,United States,zU1)yq5J`G,561-220-3414,Room 698,3
63,Abigail,O'Doghesty,aodoghesty1q@dailymail.co.uk,,Mongolia,lY7*UJf(Gf,477-726-3707,PO Box 25274,3
64,Germaine,Clynmans,gclynmans1r@huffingtonpost.com,33-320,Poland,lJ7~Hu8W,710-742-8770,Suite 97,3
65,Allistir,Brandts,abrandts1s@cocolog-nifty.com,5600,Philippines,"vS8,VtlE8~5|g",479-143-2375,16th Floor,3
66,Dela,Jojic,djojic1t@hexun.com,78280,France,"kY5""fhd$Mx*2WFc",242-422-1340,PO Box 93021,3
67,Gwynne,Gaskal,ggaskal1u@ftc.gov,,China,qE7*jj#.&Yf,216-834-8697,Room 1258,3
68,Jacklyn,Ellor,jellor1v@phoca.cz,0031,Norway,cE1?STNx_K7,407-226-2720,2nd Floor,3
69,Philbert,Delort,pdelort1w@dailymail.co.uk,,China,"zG7)g""F/1X",731-600-2491,Suite 95,3
70,Enriqueta,Wilsher,ewilsher1x@ustream.tv,38110,Spain,dH8!lDWvYRt_Y,771-972-8613,PO Box 35412,3
71,Dinny,Fahey,dfahey1y@scientificamerican.com,678944,Russia,"nB3\""`u+u",318-465-8239,Room 1055,3
72,Toddie,Thoresby,tthoresby1z@imgur.com,,Serbia,"pP7""*d09N8",563-607-0448,Apt 337,3
73,Dot,Ingliss,dingliss20@hp.com,,China,oL0)0>V>C&MDZ7$,827-451-9859,2nd Floor,3
74,Jobyna,Clewett,jclewett21@wordpress.com,,China,lQ3)Buh3G,792-403-7800,PO Box 25983,3
75,Russell,Saunter,rsaunter22@auda.org.au,,China,"kS8$Y}|1L""Im+MjI",527-301-5829,Room 1304,3
76,Maia,Gillis,mgillis23@cdc.gov,789 85,Czech Republic,sL5!{NY$Oi*(C,824-155-5304,Suite 14,3
77,Abelard,Grigore,agrigore24@gnu.org,,China,sZ7>?zB~|8qa,474-733-2709,Apt 341,3
78,Xylina,Putley,xputley25@apache.org,,China,lH0'bQFc}'+c,115-953-7332,PO Box 63871,3
79,Quintilla,Greener,qgreener26@smh.com.au,9511,Philippines,"mR7}>BiW4S,{2*|",702-880-1207,19th Floor,3
80,Keelia,Wittier,kwittier27@is.gd,,China,tY4_stMz,433-442-4736,PO Box 32971,3
81,Irene,Gibben,igibben28@sfgate.com,461360,Russia,bH4=YRdV.,200-419-6742,18th Floor,3
82,Raina,Coo,rcoo29@soup.io,,Mongolia,"eL9/??/mh=KM""{<",282-496-6130,PO Box 70727,3
83,Caressa,Melbourne,cmelbourne2a@chicagotribune.com,,China,uR7%568D,625-115-6680,Apt 1850,3
84,Worden,Giacomuzzo,wgiacomuzzo2b@ebay.com,,China,tU0{v6Yuv,423-384-7331,Room 818,3
85,Nap,Merriton,nmerriton2c@hugedomains.com,83-020,Poland,fP0=r38\,276-217-8018,Apt 1305,3
86,Laney,Spehr,lspehr2d@scientificamerican.com,454092,Russia,hR7_q+$gb}Nh,484-658-1143,10th Floor,3
87,Edi,Carpe,ecarpe2e@abc.net.au,,Uganda,lS1/.iFU6_#7,347-811-0792,Suite 22,3
88,Luke,Rudall,lrudall2f@cpanel.net,,Solomon Islands,gA7~vL00,661-844-7811,2nd Floor,3
89,Philippine,Fardon,pfardon2g@joomla.org,9015,Argentina,fG2?U`{Ygf@.,165-203-7643,Suite 8,3
90,Adan,Shearsby,ashearsby2h@pen.io,,China,pG5&i{b#YK,228-269-2186,PO Box 60267,3
91,Orren,Jeppensen,ojeppensen2i@dyndns.org,7001,Philippines,gR5~unX',446-977-6739,Room 1007,3
92,Thibaud,Clorley,tclorley2j@wunderground.com,,Azerbaijan,vB6#e<i@*}r53},265-477-3767,4th Floor,3
93,Christa,Sambiedge,csambiedge2k@smh.com.au,14150,Thailand,zC7`.vqx}+,603-324-3097,PO Box 52652,3
94,Dayna,McCool,dmccool2l@fotki.com,36164,Spain,"mL6$7y5H,xisI|x",652-249-4808,Room 1039,3
95,Desmund,Cohr,dcohr2m@hao123.com,,China,"vR1{Kg,@g(,2QT",819-988-1544,Apt 1312,3
96,Conway,Wollrauch,cwollrauch2n@hp.com,40050,Mexico,pM4/Dt`hAN(uv4M,416-215-4749,Suite 49,3
97,Donaugh,Tennet,dtennet2o@squidoo.com,3915,South Africa,"jA1|uyOHm!7i""e.5",189-105-1068,5th Floor,3
98,Chiquita,Simeoli,csimeoli2p@wikipedia.org,,China,"wQ2,LsaSoJ",174-448-0562,PO Box 52603,3
99,Matthias,Felkin,mfelkin2q@nationalgeographic.com,,China,uC4?=oM}}e=,513-559-8760,Apt 557,3
100,Conrado,Gaucher,cgaucher2r@umich.edu,42800-000,Brazil,iZ1+l&)P!ms,628-755-5931,9th Floor,3
101,Super,Admin,superadmin@gmail.com,0079,Armenia,$2a$10$osvHXLghZx1YE/oa0Ru8NuGwpmwn.MJ621.XKbouY.OMG2HKaQl.2,090909909,Yerevan,1
102,Admin,Admin,admin@gmail.com,0079,Armenia,$2a$10$sM63sWQDr4EKTunHIQEZgO7L1fbNyZUTXgqEXQ7skJqdjTEnC6.9S,09090559909,Yerevan,2